,Russian,English
0,Тартар из оленины с облепиховым соусом и кедровыми орешками,Venison tartare with sea buckthorn sauce and pine nuts
1,Карпаччо из мускуна с малиновым уксусом и листьями шпината,Muksun carpaccio with raspberry vinegar and spinach leaves
2,Строганина из нерки с укропным песто и хрустящими ржаными гренками,Sockeye salmon stroganina with dill pesto and crispy rye toasts
3,Сельдь под шубой со свеклой, Herrign salad with beets
4,Копченый угорь с яблочным пюре и хреновым кремом,Smoked eel with apple purée and horseradish cream
5,Парфе из печени утки с вишневым конфитюром и грецким орехом,Duck liver parfait with cherry confit and walnuts
6,"Сало, замаринованное в меду с черным перцем и можжевельником","Lard marinated with honey, black pepper and juniper"
7,Осетрина холодного копчения с соусом из морошки,Cold-smoked sturgeon with cloudberry sauce
8,Сырный мусс с грушевым чатни и гречишными хлопьями,Cheese mousse with pear chutney and buckwheat flakes
9,Икра сига с блинами из гречневой муки,Whitefish caviar with buckwheat pancakes
10,"Салат с копченым гусем, рукколой и гранатовой заправкой","Salad with smoked goose, arugula, and pomegranate dressing"
11,Тёплый салат с утиной грудкой и апельсиновым винегретом,Warm salad with duck breast and orange vinaigrette
12,"Свекольный салат с козьим сыром, фундуком и бальзамической глазурью","Beetroot salad with goat cheese, hazelnuts, and balsamic glaze"
13,"Салат «Тайга» с копчёной олениной, морошкой и кедровыми орешками","""Taiga"" salad with smoked venison, cloudberries, and pine nuts"
14,"Салат из запечённой тыквы с киноа, фетой и тыквенным маслом","Roasted pumpkin salad with quinoa, feta, and pumpkin seed oil"
15,"Овощной салат с фермерскими томатами, моцареллой и базиликовым песто","Vegetable salad with tomatoes, mozzarella and basil pesto"
16,"Салат из корня сельдерея с яблоком, горчичным соусом и изюмом","Celery root salad with apple, mustard dressing, and raisins"
17,"Зеленый салат с авокадо, грейпфрутом и лимонным цитроном","Green salad with avocado, grapefruit, and lemon citron"
18,"Салат с обжаренными шампиньонами, пармезаном и трюфельным маслом","Salad with sautéed mushrooms, parmesan cheese, and truffle oil"
19,"Сагудай из омуля с кинзой, луком и острым перцем","Omul sagudai with cilantro, onion, and chili"
20,Уха из трёх видов рыбы с шафраном и сливками,Fish soup with saffron and cream
21,"Солянка сборная с мясом косули, солёными огурцами и маслинами", Roe deer solyanka soup with pickles and olives
22,Крем-суп из белых грибов с трюфельной пеной,Porcini mushroom cream soup with truffle foam
23,Холодный гаспачо из арбуза с фетой и мятой, Watermelon gazpacho with feta and mint
24,Суп из чечевицы с копчёными рёбрышками и чёрным хлебом,Lentil soup with smoked ribs and black bread
25,Куриный бульон с пельменями из перепелки и укропом,Chicken broth with quail dumplings and dill
26,Французский луковый суп с коньяком и сырной корочкой,French onion soup with cognac and cheese crust
27,Тыквенный суп-пюре с имбирём и кокосовым молоком,Pumpkin purée soup with ginger and coconut milk
28,Щавелевый суп с яйцом-пашот и сметаной,Sorrel soup with poached egg and sour cream
29,Мисо-суп с грибами шиитаке и тофу,Miso soup with shiitake mushrooms and tofu
30,Стейк рибай из якутской говядины с соусом из красного вина,Ribeye steak from Yakutian beef with red wine sauce
31,Утка по-пекински с тонкими блинчиками и сливовым соусом,Peking duck with thin pancakes and plum sauce
32,Филе сибаса на коже с лимонно-укропным соусом,Sea bass fillet with crispy skin and lemon-dill sauce
33,Кролик в сливочном соусе с розмарином и молодой морковью,Rabbit in creamy rosemary sauce with baby carrots
34,Каре ягнёнка с чесночным пюре и баклажанной икрой,Lamb rack with garlic purée and eggplant caviar
35,Гуляш из зубра с паприкой и домашней лапшой,Bison stew with paprika and homemade noodles
36,Жаркое из кабана с картофелем и луковым мармеладом,Wild boar roast with potatoes and onion marmalade
37,Фазан в винном соусе с клюквой и лесными грибами,Pheasant in wine sauce with cranberries and wild mushrooms
38,Лосось на кедровой доске с медовым глазуром,Salmon on cedar plank with honey glaze
39,"Телячьи щёчки, томлёные в красном вине с пюре из сельдерея",Veal cheeks braised in red wine with celery purée
40,Картофельное пюре с трюфельным маслом,Mashed potatoes with truffle oil
41,Греча с луком и шампиньонами,Buckwheat with onions and mushrooms
42,Запечённая свёкла с козьим сыром и грецким орехом,Roasted beetroot with goat cheese and walnuts
43,"Тыква, запечённая с кленовым сиропом",Pumpkin baked with maple syrup
44,Ризотто с белыми грибами и пармезаном,Porcini mushroom risotto with parmesan cheese
45,Шоколадный фондан с малиновым сорбетом,Chocolate fondant with raspberry sorbet
46,Медовик с грецкими орехами и сгущёнкой,Honey cake with walnuts and condensed milk
47,Черничный чизкейк с ванильным соусом,Blueberry cheesecake with vanilla sauce
48,Клюквенный пай с ванильным мороженым,Cranberry pie with vanilla ice cream
49,Эклер с заварным кремом и карамелью,Éclair with custard and caramel
50,Утка в медовой глазури с грушевым пюре и розмарином,Duck in honey glaze with pear purée and rosemary.
51,Кролик в вишневом соусе с артишоками и молодым картофелем,Rabbit in cherry sauce with artichokes and baby potatoes.
52,Осетрина на пару с лимонным маслом и укропом,Steamed sturgeon with lemon butter and dill.
53,Копчёный угорь с соусом из белого вина и каперсов,Smoked eel with white wine sauce and capers.
54,Томатный суп с базиликом и моцареллой,Tomato soup with basil and mozzarella.
55,Крем-суп из тыквы с имбирём и кокосовым молоком,Pumpkin crème soup with ginger and coconut milk.
56,Карпаччо из оленины с пармезаном и рукколой,Venison carpaccio with parmesan and arugula.
57,Тартар из тунца с авокадо и кунжутом,Tuna tartare with avocado and sesame.
58,Лосось в корочке из миндаля с цитрусовым соусом,Salmon in almond crust with citrus sauce.
59,Морской окунь с томатами черри и оливками,Sea bass with cherry tomatoes and olives.
60,Фаршированные кабачки с козьим сыром и грецким орехом,Stuffed zucchini with goat cheese and walnuts.
61,Говяжий строганов с грибами и сметаной,Beef Stroganoff with mushrooms and sour cream.
62,Ветчина в медово-горчичном соусе с запечёнными яблоками,Ham in honey-mustard sauce with baked apples.
63,Куриная грудка с чесночным маслом и тимьяном,Chicken breast with garlic butter and thyme.
64,Телятина в винном соусе с трюфельным маслом,Veal in wine sauce with truffle oil.
65,Лазанья с баклажанами и сыром рикотта,Eggplant and ricotta lasagna.
66,Ризотто с белыми грибами и пармезаном,Risotto with porcini mushrooms and parmesan.
67,Паста с морепродуктами в томатном соусе,Pasta with seafood in tomato sauce.
68,Спагетти карбонара с панчеттой и яичным желтком,Spaghetti carbonara with pancetta and egg yolk.
69,Пенне с артишоками и вялеными томатами,Penne with artichokes and dried tomatoes.
70,Гречневая каша с грибами и луковым конфи,Buckwheat porridge with mushrooms and onion confit.
71,Плов с бараниной и курагой,Pilaf with lamb and dried apricots.
72,Пельмени с уткой и черносливом,Duck and prune dumplings.
73,Вареники с творогом и вишней,Cottage cheese and cherry dumplings.
74,Блины с красной икрой и сметаной,Pancakes with red caviar and sour cream.
75,Сырники с малиновым соусом,Cottage cheese pancakes with raspberry sauce.
76,Чизкейк с карамелью и морской солью,Cheesecake with caramel and sea salt.
77,Шоколадный фондан с малиной,Chocolate fondant with raspberry.
78,Тирамису с амаретто и какао,Tiramisu with amaretto and cocoa.
79,Крем-брюле с ванилью и свежими ягодами,Crème brûlée with vanilla and fresh berries.
80,Мороженое с фисташками и кленовым сиропом,Ice cream with pistachios and maple syrup.
81,Сорбет из лимона и мяты,Lemon and mint sorbet.
82,Глинтвейн с апельсином и корицей,Mulled wine with orange and cinnamon.
83,Безалкогольный мохито с лаймом и мятой,Non-alcoholic mojito with lime and mint.
84,Чай с жасмином и лепестками розы,Jasmine tea with rose petals.
85,Кофе с кардамоном и корицей,Coffee with cardamom and cinnamon.
86,Капучино с кокосовым молоком и карамелью,Cappuccino with coconut milk and caramel.
87,Смузи из манго и ананаса,Mango and pineapple smoothie.
88,Фреш из апельсина и моркови,Orange and carrot fresh juice.
89,Лимонад с мятой и лаймом,Lemonade with mint and lime.
90,Тосты с авокадо и кунжутом,Avocado toast with sesame.
91,Брускетта с томатами и базиликом,Bruschetta with tomatoes and basil.
92,Салат Цезарь с курицей и пармезаном,Caesar salad with chicken and parmesan.
93,Греческий салат с фетой и оливками,Greek salad with feta and olives.
94,"Салат с рукколой, грушей и орехами",Arugula salad with pear and nuts.
95,"Салат с креветками, авокадо и грейпфрутом",Shrimp salad with avocado and grapefruit.
96,"Салат с курицей, ананасом и сыром",Chicken salad with pineapple and cheese.
97,"Салат с тунцом, яйцом и огурцом",Tuna salad with egg and cucumber.
98,Салат с копчёным лососем и спаржей,Smoked salmon salad with asparagus.
99,"Салат с беконом, яйцом и сыром","Bacon, egg and cheese salad."
100,Суп из чечевицы с копчёностями,Lentil soup with smoked meats.
101,Солянка с колбасой и копчёностями,Solyanka with sausage and smoked meats.
102,Суп с фрикадельками и рисом,Meatball soup with rice.
103,Суп с курицей и вермишелью,Chicken noodle soup.
104,Суп с грибами и перловкой,Mushroom and barley soup.
105,Холодец с хреном и горчицей,Meat jelly with horseradish and mustard.
106,Жаркое из свинины с картофелем и морковью,Pork roast with potatoes and carrots.
107,Гуляш из говядины с картофельным пюре,Beef goulash with mashed potatoes.
108,Курица в сливочном соусе с грибами,Chicken in cream sauce with mushrooms.
109,Индейка с клюквенным соусом и брокколи,Turkey with cranberry sauce and broccoli.
110,Утиная грудка с апельсиновым соусом и картофелем,Duck breast with orange sauce and potatoes.
111,Ягнёнок в травах с запечёнными овощами,Herb-crusted lamb with roasted vegetables.
112,Телячьи отбивные с соусом демиглас,Veal chops with demi-glace sauce.
113,Свиные рёбрышки с барбекю соусом,Pork ribs with barbecue sauce.
114,Бифштекс с луковым кольцом и картофелем фри,Beefsteak with onion rings and fries.
115,Гамбургер с беконом и сыром чеддер,Hamburger with bacon and cheddar cheese.
116,Чизбургер с грибами и соусом BBQ,Cheeseburger with mushrooms and BBQ sauce.
117,Сэндвич с индейкой и авокадо,Turkey and avocado sandwich.
118,Бургер с лососем и соусом тар-тар,Salmon burger with tartar sauce.
119,Пицца с ветчиной и грибами,Ham and mushroom pizza.
120,Пицца с морепродуктами и сыром,Seafood and cheese pizza.
121,Пицца с четырьмя сырами,Four-cheese pizza.
122,Пицца с пепперони и оливками,Pepperoni and olive pizza.
123,Пицца с овощами и тофу,Vegetable and tofu pizza.
124,Пирог с капустой и яйцом,Cabbage and egg pie.
125,Пирог с яблоками и корицей,Apple and cinnamon pie.
126,Пирог с вишней и творогом,Cherry and cottage cheese pie.
127,Пирог с курицей и грибами,Chicken and mushroom pie.
128,Пирог с рыбой и рисом,Fish and rice pie.
129,Ватрушка с творогом и изюмом,Cottage cheese and raisin pastry.
130,Пончики с шоколадной глазурью,Donuts with chocolate glaze.
131,Эклер с заварным кремом,Éclair with custard cream.
132,Макаруны с малиной,Macarons with raspberry.
133,Панна-котта с малиновым соусом,Panna cotta with raspberry sauce.
134,Профитроли с шоколадным соусом,Profiteroles with chocolate sauce.
135,Штрудель с яблоками и орехами,Apple and walnut strudel.
136,Кекс с черникой и лимонной глазурью,Blueberry and lemon glaze muffin.
137,Брауни с грецким орехом,Brownie with walnuts.
138,Медовик с грецкими орехами,Honey cake with walnuts.
139,Наполеон с заварным кремом,Napoleon with custard cream.
140,"Торт ""Птичье молоко"" с шоколадом","""Bird’s Milk"" cake with chocolate."
141,"Торт ""Красный бархат"" с кремом из сыра маскарпоне",Red velvet cake with mascarpone cream.
142,"Торт ""Черный лес"" с вишней",Black Forest cake with cherries.
143,"Торт ""Медовый"" с орехами",Honey cake with nuts.
144,"Торт ""Прага"" с шоколадом и орехами","""Prague"" cake with chocolate and nuts."
145,"Торт ""Тирамису"" с кофе и какао",Tiramisu cake with coffee and cocoa.
146,"Торт ""Чизкейк"" с клубникой",Cheesecake with strawberries.
147,"Торт ""Мраморный"" с шоколадом и ванилью",Marble cake with chocolate and vanilla.
148,"Торт ""Лимонный"" с лимонной глазурью",Lemon cake with lemon glaze.
149,Уха из сибирской щуки с кореньями и копчёным салом,Siberian pike fish soup with roots and smoked lard
150,Томатный суп с базиликом и моцареллой,Tomato soup with basil and mozzarella
151,Крем-суп из лесных грибов с трюфельным маслом,Cream of wild mushroom soup with truffle oil
152,Холодный свекольник со сметаной и укропом,Cold beetroot soup with sour cream and dill
153,Бульон из гуся с пельменями и зеленью,Goose broth with dumplings and herbs
154,Карпаччо из лося с пармезаном и рукколой,Elk carpaccio with parmesan and arugula
155,Тартар из тунца с авокадо и кунжутом,Tuna tartare with avocado and sesame
156,Брускетта с икрой трески и сливочным сыром,Bruschetta with cod roe and cream cheese
157,Салат с копчёным лососем и мандаринами,Salad with smoked salmon and mandarins
158,Капрезе с черри и бальзамическим соусом,Caprese with cherry tomatoes and balsamic glaze
159,Лосось в медово-горчичном соусе с рисом,Salmon in honey mustard sauce with rice
160,Стейк Рибей на углях с картофельным пюре,Grilled ribeye steak with mashed potatoes
161,Утиная грудка с яблочным пюре и брюссельской капустой,Duck breast with apple purée and Brussels sprouts
162,Филе индейки с грибным соусом и киноа,Turkey fillet with mushroom sauce and quinoa
163,Запечённая форель с лимоном и травами,Baked trout with lemon and herbs
164,Корейка ягнёнка с розмарином и чесночным пюре,Lamb loin with rosemary and garlic mash
165,Паста с морепродуктами в сливочном соусе,Seafood pasta in creamy sauce
166,Рагу из оленины с овощами и красным вином,Venison stew with vegetables and red wine
167,Котлеты из телятины с гречкой и сливочным соусом,Veal cutlets with buckwheat and cream sauce
168,Запечённый карп с имбирём и соевым соусом,Baked carp with ginger and soy sauce
169,Чизкейк с малиновым соусом,Cheesecake with raspberry sauce
170,Шоколадный фондан с ванильным мороженым,Chocolate fondant with vanilla ice cream
171,"Торт ""Медовик"" с карамелью",Honey cake with caramel
172,Клюквенный пирог с мороженым,Cranberry pie with ice cream
173,Миндальное печенье с шоколадной глазурью,Almond cookies with chocolate glaze
174,Тирамису с клубникой,Tiramisu with strawberries
175,Пудинг из манго с кокосовой стружкой,Mango pudding with coconut flakes
176,Ягодный мусс с белым шоколадом,Berry mousse with white chocolate
177,Панна котта с вишнёвым соусом,Panna cotta with cherry sauce
178,Мороженое с фисташками и мёдом,Pistachio and honey ice cream
179,Морс из клюквы и брусники,Lingonberry and cranberry fruit drink
180,Глинтвейн с яблоком и корицей,Mulled wine with apple and cinnamon
181,Смузи из банана и киви,Banana and kiwi smoothie
182,Чай с мятой и лимоном,Mint and lemon tea
183,Сок из свежего ананаса,Fresh pineapple juice
184,"Кофе ""Флэт уайт"" с миндальным молоком",Flat white with almond milk
185,Лимонад с имбирём и мёдом,Ginger and honey lemonade
186,Зелёный чай с жасмином,Jasmine green tea
187,Какао с зефиром,Hot cocoa with marshmallows
188,Креветки в чесночном соусе,Shrimp in garlic sauce
189,Мидии в белом вине с зеленью,Mussels in white wine with herbs
190,Копчёный угорь с соусом терияки,Smoked eel with teriyaki sauce
191,Осетрина запечённая с лимоном и укропом,Baked sturgeon with lemon and dill
192,Кальмары в кляре с соусом тартар,Fried calamari with tartar sauce
193,Лосось на пару с брокколи,Steamed salmon with broccoli
194,Скумбрия с картофелем и луком,Mackerel with potatoes and onions
195,Каракатица с рисом и специями,Cuttlefish with rice and spices
196,Семга на гриле с овощами,Grilled salmon with vegetables
197,Сельдь с картофелем и сметаной,Herring with potatoes and sour cream
198,"Говядина ""Веллингтон"" с грибами",Beef Wellington with mushrooms
199,Баранина в медово-чесночном соусе,Lamb in honey-garlic sauce
200,Свиные рёбрышки барбекю,BBQ pork ribs
201,Фаршированный перец с мясом и рисом,Stuffed bell pepper with meat and rice
202,Курица в сырном соусе,Chicken in cheese sauce
203,Кролик в сливочном соусе с овощами,Rabbit in cream sauce with vegetables
204,Говяжий язык с хреном,Beef tongue with horseradish
205,Колбаски с картофельным пюре,Sausages with mashed potatoes
206,Свиная корейка с яблоками,Pork loin with apples
207,Телячий стейк с бальзамическим соусом,Veal steak with balsamic sauce
208,Фалафель с хумусом и овощами,Falafel with hummus and vegetables
209,Рататуй с базиликом,Ratatouille with basil
210,Тыквенный суп с кокосовым молоком,Pumpkin soup with coconut milk
211,Гречка с грибами и луком,Buckwheat with mushrooms and onions
212,Овощное рагу с нутом,Vegetable stew with chickpeas
213,Лазанья с баклажанами и сыром,Eggplant and cheese lasagna
214,Картофельные драники с соусом,Potato pancakes with sauce
215,Кускус с овощами и оливковым маслом,Couscous with vegetables and olive oil
216,Брокколи на пару с сыром,Steamed broccoli with cheese
217,Запечённые овощи с травами,Baked vegetables with herbs
218,Спагетти с мидиями и чесноком,Spaghetti with mussels and garlic
219,Ризотто с трюфелями,Truffle risotto
220,Паста с песто и кедровыми орешками,Pasta with pesto and pine nuts
221,Лазанья с шпинатом и сыром,Spinach and cheese lasagna
222,Феттучини с грибами и сливками,Fettuccine with mushrooms and cream
223,Паста с томатами и базиликом,Pasta with tomatoes and basil
224,Ризотто с морепродуктами,Seafood risotto
225,Лингвини с креветками и лимоном,Linguine with shrimp and lemon
226,Паста с сыром и чёрным перцем,Pasta with cheese and black pepper
227,Ризотто с шафраном и пармезаном,Saffron risotto with parmesan
228,"Салат ""Цезарь"" с курицей",Caesar salad with chicken
229,Греческий салат с оливками,Greek salad with olives
230,Салат с авокадо и креветками,Avocado and shrimp salad
231,Салат с козьим сыром и свёклой,Goat cheese and beetroot salad
232,Салат с рукколой и пармезаном,Arugula and parmesan salad
233,Салат с тунцом и яйцом,Tuna and egg salad
234,Салат с яблоком и сельдереем,Apple and celery salad
235,Салат с кукурузой и фасолью,Corn and bean salad
236,Салат с киноа и овощами,Quinoa and vegetable salad
237,Салат с орехами и мёдом,Nut and honey salad
238,Пельмени с олениной со сметаной, Venison dumplings with sour cream
239,Блины с красной икрой,Pancakes with red caviar
240,Окрошка на квасе,Okroshka with kvass
241,Холодец с хреном,Meat jelly with horseradish
242,Солянка с копчёностями,Solyanka soup with smoked meats
243,Манты с бараниной,Manti with lamb
244,Чак-чак с медом,Chak-chak with honey
245,Плов с бараниной,Piдaf with lamb
246,Галушки с грибами,Dumplings with mushrooms
247,Шашлык из свинины,Skewerd pork
248,Сырная тарелка с орехами,Cheese board with nuts
249,Домашний творог с мёдом,Homemade cottage cheese with honey
250,Камамбер с фруктовым соусом,Camembert with fruit sauce
251,Козий сыр с оливками,Goat cheese with olives
252,Таледжо с красным вином,Taleggio with red wine
253,Сырный фондю,Cheese fondue
254,Мягкий сыр с ягодным джемом,Soft cheese with berry jam
255,Овечий сыр с травами,Sheep milk cheese with herbs
256,Пармезан с бальзамическим соусом,Parmesan chese with balsamic glaze
257,Голубой сыр с грецкими орехами,Blue cheese with walnuts
258,Тофу с овощами и соевым соусом,Tofu with vegetables and soy sauce
259,Веганский бургер с авокадо,Vegan burger with avocado
260,Салат с киноа и тофу,Quinoa and tofu salad
261,Овощной суп с нутом,Vegetable soup with chickpeas
262,Фалафель с тахини,Falafel with tahini
263,Веганские котлеты из чечевицы,Lentil vegan patties
264,Картофель с травами и оливковым маслом,Potatoes with herbs and olive oil
265,Овощное карри с рисом,Vegetable curry with rice
266,Веганский шоколадный торт,Vegan chocolate cake
267,Фруктовый салат с мёдом,Fruit salad with honey
268,Маргарита с солью,Margarita with salt
269,Сибирские пельмени с грибами,Siberian dumplings with mushrooms
270,Запечённый филей из кабана,Roasted wild boar fillet
271,Дикий кабан с ягодным соусом,Wild boar with berry sauce
272,Рыбный пирог с икрой,Fish pie with caviar
273,Утиная грудка с клюквой,Duck breast with cranberries
274,Запечённый козлёнок с травами,Roasted goat with herbs
275,Фаршированный перепел с молодым картофелем и артишоками,Stuffed quail with baby potatoes and artichokes
276,Десерт из морошки,Cloudberry dessert
277,Чай из таёжных трав,Taiga herbal tea
278,Настойка на кедровых орехах,Pine nut tincture
279,Лимонад из облепихи,Sea buckthorn lemonade
280,Сибирский морс из клюквы,Siberian cranberry drink
281,"Коктейль ""Тайга""",Taiga cocktail
282,Настойка на шишках,Pine cone tincture
283,Настойка на бруснике,Lingonberry tincture
284,Лимонад из мяты и липы,Mint and linden lemonade
285,"Торт ""Тайга"" с лесными ягодами",Taiga cake with wild berries
286,Пирог с кедровыми орехами,Pine nut pie
287,Десерт из брусники и сливок,Lingonberry and cream dessert
288,Мороженое из облепихи,Sea buckthorn ice cream
289,Чизкейк с клюквой,Cranberry cheesecake
290,Пирог с малиной и белым шоколадом,Raspberry and white chocolate pie
291,Десерт из черники и кешью,Blueberry and cashew dessert
292,"Торт ""Лесной орех""",Hazelnut cake
293,Мусс из морошки и мёда,Cloudberry and honey mousse
294,Пирог с клубникой и миндалём,Strawberry and almond pie
295,Карась в лимонном маринаде с розмарином и чесночным маслом,Crucian carp in lemon marinade with rosemary and garlic oil
296,Фаршированные перцы с говядиной и рисом под томатным соусом,Stuffed bell peppers with beef and rice in tomato sauce
297,Тыквенный суп-пюре с кокосовым молоком и имбирем,Pumpkin cream soup with coconut milk and ginger
298,Запеченный картофель с трюфельным маслом и пармезаном,Baked potatoes with truffle oil and parmesan
299,"Салат из авокадо, креветок и грейпфрута с цитрусовым дрессингом","Avocado, shrimp and grapefruit salad with citrus dressing"
300,Паста с морепродуктами в сливочно-чесночном соусе,Pasta with seafood in creamy garlic sauce
301,Утка в апельсиновом соусе с фри из батата,Duck in orange sauce served with sweet potato fries
302,Сырный суп с брокколи и хрустящими гренками,Cheesy broccoli soup with crispy croutons
303,Куриные котлеты с грибным соусом и гречневой кашей,Chicken cutlets with mushroom sauce and buckwheat porridge
304,Стейк из лосося с овощами гриль и соусом песто,Salmon steak with grilled vegetables and pesto sauce
305,Рулетики из баклажанов с сыром и томатами,Eggplant rolls stuffed with cheese and tomatoes
306,Суп из морепродуктов с шафраном и базиликом,Seafood soup with saffron and basil
307,Фокачча с оливками и розмарином,Focaccia with olives and rosemary
308,Каре ягненка с мятным соусом и запеченными овощами,Lamb rack with mint sauce and roasted vegetables
309,"Салат с тунцом, яйцом и стручковой фасолью","Salad with tuna, egg and green beans"
310,Ризотто с грибами и трюфельным маслом,Mushroom risotto with truffle oil
311,Пирог с яблоками и корицей,Apple pie with cinnamon
312,Брускетта с томатами и базиликом,Bruschetta with tomatoes and basil
313,Карпаччо из говядины с рукколой и пармезаном,Beef carpaccio with arugula and parmesan
314,Суп с фрикадельками и лапшой,Meatball soup with noodles
315,Греческий салат с оливками и фетой,Greek salad with olives and feta
316,Лазанья с мясным фаршем и бешамель,Lasagna with minced meat and béchamel sauce
317,Тартар из тунца с авокадо и кунжутом,Tuna tartare with avocado and sesame
318,Суп с чечевицей и копченым беконом,Lentil soup with smoked bacon
319,"Гусь, запеченный с яблоками и медом",Roasted goose with apples and honey
320,"Салат с курицей, ананасом и орехами кешью",Chicken salad with pineapple and cashews
321,Картофельное пюре с зеленью и сливочным маслом,Mashed potatoes with herbs and butter
322,Стейк из говядины с красным вином и грибами,Beef steak with red wine and mushrooms
323,"Салат с креветками, авокадо и манго",Shrimp salad with avocado and mango
324,Паста карбонара с беконом и пармезаном,Carbonara pasta with bacon and parmesan
325,Суп с курицей и лапшой,Chicken noodle soup
326,Жареные кабачки с чесноком и зеленью,Fried zucchini with garlic and herbs
327,Курица в сливочном соусе с грибами,Chicken in creamy mushroom sauce
328,"Салат с беконом, яйцом и салатными листьями","Salad with bacon, egg and lettuce"
329,Томатный суп с базиликом и сливками,Tomato soup with basil and cream
330,Жареный рис с овощами и курицей,Fried rice with vegetables and chicken
331,Стейк из тунца с соусом терияки,Tuna steak with teriyaki sauce
332,Сырный фондю с хлебом и овощами,Cheese fondue with bread and vegetables
333,"Салат с говядиной, рукколой и томатами",Beef salad with arugula and tomatoes
334,Пирог с сыром и зеленью,Cheese and herb pie
335,Запеченная рыба с лимоном и травами,Baked fish with lemon and herbs
336,Крем-суп из брокколи с хрустящими гренками,Broccoli cream soup with crispy croutons
337,Паста с лососем и сливочным соусом,Pasta with salmon and creamy sauce
338,"Салат с курицей, виноградом и орехами",Chicken salad with grapes and nuts
339,Картофельные драники с сметаной,Potato pancakes with sour cream
340,Суп с фасолью и копченой колбасой,Bean soup with smoked sausage
341,Стейк из свинины с яблочным соусом,Pork steak with apple sauce
342,"Салат с креветками, авокадо и рукколой",Shrimp salad with avocado and arugula
343,Паста с грибами и сливочным соусом,Pasta with mushrooms and creamy sauce
344,Суп с курицей и рисом,Chicken and rice soup
345,Жареные баклажаны с чесноком и зеленью,Fried eggplant with garlic and herbs
346,Курица в медовом соусе с кунжутом,Chicken in honey sauce with sesame
347,"Салат с тунцом, кукурузой и яйцом","Salad with tuna, corn and egg"
348,Томатный суп с базиликом и чесночными гренками,Tomato soup with basil and garlic croutons
349,Жареный рис с креветками и овощами,Fried rice with shrimp and vegetables
350,Стейк из лосося с соусом песто,Salmon steak with pesto sauce
351,Сырный фондю с хлебом и яблоками,Cheese fondue with bread and apples
352,"Салат с курицей, огурцами и томатами",Chicken salad with cucumbers and tomatoes
353,Пирог с грибами и сыром,Mushroom and cheese pie
354,Запеченная рыба с травами и лимоном,Baked fish with herbs and lemon
355,Крем-суп из тыквы с хрустящими гренками,Pumpkin cream soup with crispy croutons
356,Паста с креветками и сливочным соусом,Pasta with shrimp and creamy sauce
357,"Салат с курицей, яблоками и орехами",Chicken salad with apples and nuts
358,Картофельные драники с грибами,Potato pancakes with mushrooms
359,Суп с горохом и копчеными ребрышками,Pea soup with smoked ribs
360,Стейк из индейки с клюквенным соусом,Turkey steak with cranberry sauce
361,"Салат с креветками, авокадо и томатами",Shrimp salad with avocado and tomatoes
362,Паста с брокколи и сливочным соусом,Pasta with broccoli and creamy sauce
363,Суп с курицей и вермишелью,Chicken noodle soup
364,Жареные кабачки с чесноком и травами,Fried zucchini with garlic and herbs
365,Курица в томатном соусе с базиликом,Chicken in tomato basil sauce
366,"Салат с говядиной, томатами и огурцами",Beef salad with tomatoes and cucumbers
367,Томатный суп с гренками и базиликом,Tomato soup with croutons and basil
368,Жареный рис с курицей и овощами,Fried rice with chicken and vegetables
369,Стейк из тунца с соусом из лайма,Tuna steak with lime sauce
370,Сырный фондю с хлебом и виноградом,Cheese fondue with bread and grapes
371,"Салат с курицей, огурцами и яйцом",Chicken salad with cucumbers and egg
372,Пирог с рыбой и сыром,Fish and cheese pie
373,Запеченная рыба с лимоном и укропом,Baked fish with lemon and dill
374,Крем-суп из шпината с хрустящими гренками,Spinach cream soup with crispy croutons
375,Паста с лососем и томатным соусом,Pasta with salmon and tomato sauce
376,"Салат с курицей, ананасом и орехами",Chicken salad with pineapple and nuts
377,Картофельные драники с сыром,Potato pancakes with cheese
378,Суп с чечевицей и копченой колбасой,Lentil soup with smoked sausage
379,Стейк из свинины с ягодным соусом,Pork steak with berry sauce
380,"Салат с креветками, авокадо и огурцами",Shrimp salad with avocado and cucumbers
381,Паста с курицей и сливочным соусом,Pasta with chicken and creamy sauce
382,Суп с курицей и картофелем,Chicken and potato soup
383,Жареные баклажаны с чесноком и томатами,Fried eggplant with garlic and tomatoes
384,Курица в апельсиновом соусе с кунжутом,Chicken in orange sauce with sesame
385,"Салат с тунцом, огурцами и томатами","Salad with tuna, cucumbers and tomatoes"
386,Томатный суп с базиликом и хрустящими гренками,Tomato soup with basil and crispy croutons
387,Жареный рис с овощами и креветками,Fried rice with vegetables and shrimp
388,Стейк из лосося с лимонным соусом,Salmon steak with lemon sauce
389,Сырный фондю с хлебом и грушами,Cheese fondue with bread and pears
390,"Салат с курицей, томатами и огурцами",Chicken salad with tomatoes and cucumbers
391,Пирог с мясом и картофелем,Meat and potato pie
392,Запеченная рыба с травами и лимоном,Baked fish with herbs and lemon
393,Крем-суп из тыквы с сырными гренками,Pumpkin cream soup with cheese croutons
394,Паста с креветками и томатным соусом,Pasta with shrimp and tomato sauce
395,Карпаччо из оленины с трюфельным маслом и пармезаном,Venison carpaccio with truffle oil and parmesan.
396,Суп из лесных грибов с копчёным беконом,Forest mushroom soup with smoked bacon.
397,Форель на гриле с лимонным маслом и зеленью,Grilled trout with lemon butter and herbs.
398,Крем-брюле с малиной и свежей мятой,Crème brûlée with raspberries and fresh mint.
399,"Салат из рукколы с грушей, грецким орехом и горгонзолой","Arugula salad with pear, walnuts, and gorgonzola."
400,Мясное ассорти с домашними маринадами,Charcuterie board with homemade pickles.
401,Рагу из косули с красным вином и розмарином,Roe deer stew with red wine and rosemary.
402,Пирог с дикой черникой и ванильным соусом,Wild blueberry pie with vanilla sauce.
403,Сырный фондю с белым вином и хрустящим хлебом,Cheese fondue with white wine and crispy bread.
404,Тартар из тунца с авокадо и кунжутом,Tuna tartare with avocado and sesame.
405,Лазанья с грибами и сыром рикотта,Mushroom lasagna with ricotta cheese.
406,Креветки в чесночном соусе с чили,Prawns in chili garlic sauce.
407,Каре ягнёнка с мятным желе и молодыми овощами,Lamb rack with mint jelly and baby vegetables.
408,Тыквенный суп-пюре с кокосовым молоком,Pumpkin soup with coconut milk.
409,Фокачча с оливками и розмарином,Focaccia with olives and rosemary.
410,Стейк Рибай с соусом из красного вина,Ribeye steak with red wine sauce.
411,Паста с морепродуктами и томатным соусом,Seafood pasta with tomato sauce.
412,Салат Цезарь с курицей и пармезаном,Caesar salad with chicken and parmesan.
413,Брауни с мороженым и карамельным соусом,Brownie with ice cream and caramel sauce.
414,Тартар из лосося с каперсами и красным луком,Salmon tartare with capers and red onion.
415,Суп Том Ям с креветками и кокосовым молоком,Tom Yum soup with prawns and coconut milk.
416,Картофель гратен с сыром и сливками,Potato gratin with cheese and cream.
417,Куриные крылышки в медово-горчичном соусе,Chicken wings in honey mustard sauce.
418,Салат из свеклы с козьим сыром и грецким орехом,Beetroot salad with goat cheese and walnuts.
419,Пицца Маргарита с томатами и базиликом,Margherita pizza with tomatoes and basil.
420,Греческий салат с фетой и оливками,Greek salad with feta and olives.
421,Суп Гаспачо с хрустящими гренками,Gazpacho soup with crispy croutons.
422,Морской окунь на гриле с лимоном и травами,Grilled sea bass with lemon and herbs.
423,Паштет из печени с клюквенным соусом,Liver pâté with cranberry sauce.
424,Крем-суп из брокколи с сырными гренками,Broccoli cream soup with cheese croutons.
425,Стейк из тунца с соусом терияки,Tuna steak with teriyaki sauce.
426,Ризотто с трюфелями и пармезаном,Truffle risotto with parmesan.
427,"Салат с авокадо, креветками и цитрусовой заправкой",Avocado and prawn salad with citrus dressing.
428,Козье сырное плато с медом и орехами,Goat cheese platter with honey and nuts.
429,Тыквенный равиоли с шалфеем и маслом,Pumpkin ravioli with sage and butter.
430,Салат с копчёной уткой и апельсином,Smoked duck salad with orange.
431,Тайский салат с говядиной и кинзой,Thai beef salad with cilantro.
432,Суп из морепродуктов с шафраном,Seafood soup with saffron.
433,Картофельные драники с сметаной,Potato pancakes with sour cream.
434,Панна-котта с клубникой и бальзамическим соусом,Panna cotta with strawberries and balsamic glaze.
435,Салат с копчёным лососем и авокадо,Smoked salmon and avocado salad.
436,Стейк из свинины с яблочным соусом,Pork steak with apple sauce.
437,Паста Карбонара с беконом и яйцом,Carbonara pasta with bacon and egg.
438,Салат Нисуаз с тунцом и яйцом,Niçoise salad with tuna and egg.
439,Мидии в белом вине с чесноком,Mussels in white wine with garlic.
440,Крем-суп из шампиньонов с травами,Creamy mushroom soup with herbs.
441,Тартар из говядины с перепелиным яйцом,Beef tartare with quail egg.
442,Салат с тёплыми креветками и авокадо,Warm shrimp and avocado salad.
443,Куриная грудка с грибным соусом,Chicken breast with mushroom sauce.
444,Рыбный суп с лососем и шафраном,Fish soup with salmon and saffron.
445,Салат с кускусом и сухофруктами,Couscous salad with dried fruits.
446,Рулетики из баклажанов с сыром и томатами,Eggplant rolls with cheese and tomatoes.
447,Сырный суп с брокколи и гренками,Cheese soup with broccoli and croutons.
448,Паста с артишоками и пармезаном,Pasta with artichokes and parmesan.
449,Салат с копчёной скумбрией и огурцом,Smoked mackerel salad with cucumber.
450,Суп Минестроне с овощами,Minestrone soup with vegetables.
451,Фалафель с соусом тахини,Falafel with tahini sauce.
452,Картофельный суп-пюре с копчёным беконом,Creamy potato soup with smoked bacon.
453,Салат с вялеными томатами и моцареллой,Sun-dried tomato and mozzarella salad.
454,Суп Чорба с бараниной и овощами,Chorba soup with lamb and vegetables.
455,Паста с песто и кедровыми орехами,Pesto pasta with pine nuts.
456,"Салат с курицей, ананасом и кешью",Chicken salad with pineapple and cashews.
457,Суп из нута со шпинатом,Chickpea soup with spinach.
458,Рулетики из цукини с творожным сыром,Zucchini rolls with cream cheese.
459,Салат с фасолью и тунцом,Bean and tuna salad.
460,Суп из чечевицы с копчёностями,Lentil soup with smoked meat.
461,Паста с лососем и сливочным соусом,Pasta with salmon and cream sauce.
462,Салат с киноа и овощами,Quinoa salad with vegetables.
463,Суп из моркови с имбирём,Carrot soup with ginger.
464,Картофельный салат с копчёной скумбрией,Potato salad with smoked mackerel.
465,Паста с грибами и белым вином,Pasta with mushrooms and white wine.
466,Салат с козьим сыром и грушей,Goat cheese and pear salad.
467,Суп из тыквы с корицей,Pumpkin soup with cinnamon.
468,Рулетики из индейки с сыром и шпинатом,Turkey rolls with cheese and spinach.
469,Салат с авокадо и креветками,Avocado and shrimp salad.
470,Суп из фасоли с копчёным беконом,Bean soup with smoked bacon.
471,Паста с кабачками и пармезаном,Pasta with zucchini and parmesan.
472,Салат с курицей и гранатом,Chicken and pomegranate salad.
473,Суп из шпината с кремом,Spinach soup with cream.
474,Рулетики из лосося с сыром и укропом,Salmon rolls with cheese and dill.
475,Салат с грецким орехом и яблоком,Walnut and apple salad.
476,Суп из капусты с копчёностями,Cabbage soup with smoked meat.
477,Паста с песто и помидорами черри,Pesto pasta with cherry tomatoes.
478,Салат с курицей и авокадо,Chicken and avocado salad.
479,Суп из брокколи с сыром,Broccoli soup with cheese.
480,Рулетики из огурца с творожным сыром,Cucumber rolls with cream cheese.
481,Салат с фасолью и кукурузой,Bean and corn salad.
482,Суп из чечевицы с овощами,Lentil soup with vegetables.
483,Паста с морепродуктами и чесноком,Seafood pasta with garlic.
484,Салат с киноа и авокадо,Quinoa and avocado salad.
485,Суп из тыквы с кокосовым молоком,Pumpkin soup with coconut milk.
486,Рулетики из индейки с сыром и помидорами,Turkey rolls with cheese and tomatoes.
487,Салат с авокадо и курицей,Avocado and chicken salad.
488,Суп из фасоли с копчёным беконом,Bean soup with smoked bacon.
489,Паста с кабачками и пармезаном,Pasta with zucchini and parmesan.
490,Салат с курицей и гранатом,Chicken and pomegranate salad.
491,Суп из шпината с кремом,Spinach soup with cream.
492,Рулетики из лосося с сыром и укропом,Salmon rolls with cheese and dill.
493,Салат с грецким орехом и яблоком,Walnut and apple salad.
494,Суп из капусты с копчёностями,Cabbage soup with smoked meat.
495,Суп из белых грибов с лесными травами,Porcini mushroom soup with wild herbs
496,Карпаччо из оленины с маринованными ягодами,Venison carpaccio with marinated berries
497,Салат из копчёного лосося с авокадо и цитрусовым соусом,Smoked salmon salad with avocado and citrus dressing
498,Сэндвич с пастрами из утки и грушевым чатни,Duck pastrami sandwich with pear chutney
499,Пирог с дикой черникой и ванильным кремом,Wild blueberry pie with vanilla cream
500,Ризотто с трюфелями и пармезаном,Truffle risotto with Parmesan
501,Крем-суп из тыквы с кокосовым молоком,Pumpkin cream soup with coconut milk
502,Стейк из тунца с кунжутной корочкой,Tuna steak with sesame crust
503,Брускетта с вялеными томатами и козьим сыром,Bruschetta with sun-dried tomatoes and goat cheese
504,Паста с морепродуктами и шафрановым соусом,Seafood pasta with saffron sauce
505,"Салат из рукколы с грушей, грецким орехом и горгонзолой","Arugula salad with pear, walnuts, and gorgonzola"
506,Печёный картофель с трюфельным маслом и сметаной,Baked potato with truffle oil and sour cream
507,Панна-котта с малиновым кули,Panna cotta with raspberry coulis
508,Котлеты из щуки с лимонным соусом,Pike patties with lemon sauce
509,Стейк из сома с грибным рагу,Catfish steak with mushroom ragout
510,Салат из свёклы с козьим сыром и кедровыми орешками,Beetroot salad with goat cheese and pine nuts
511,Суп из фасоли с копчёной грудинкой,Bean soup with smoked bacon
512,Паста с артишоками и лимонным кремом,Pasta with artichokes and lemon cream
513,Сэндвич с ростбифом и хреном,Roast beef sandwich with horseradish
514,Пирог с ревенём и имбирным кремом,Rhubarb pie with ginger cream
515,Рыбный суп с фенхелем и шафраном,Fish soup with fennel and saffron
516,Карпаччо из тунца с лимонным маслом,Tuna carpaccio with lemon oil
517,Салат из авокадо с креветками и грейпфрутом,Avocado salad with shrimp and grapefruit
518,Крем-суп из брокколи с чеддером,Broccoli cream soup with cheddar
519,Паста с песто из базилика и кедровых орешков,Pasta with basil and pine nut pesto
520,Стейк из лосося с соусом терияки,Salmon steak with teriyaki sauce
521,Салат из моркови с апельсином и мятой,Carrot salad with orange and mint
522,Суп из чечевицы с копчёной колбасой,Lentil soup with smoked sausage
523,Пирог с яблоками и корицей,Apple pie with cinnamon
524,Паста с креветками и чесночным соусом,Pasta with shrimp and garlic sauce
525,Стейк из баранины с розмариновым соусом,Lamb steak with rosemary sauce
526,Салат из огурцов с йогуртом и укропом,Cucumber salad with yogurt and dill
527,Суп из гороха с копчёными рёбрышками,Pea soup with smoked ribs
528,Пирог с грушей и шоколадным соусом,Pear pie with chocolate sauce
529,Паста с томатами и базиликом,Pasta with tomatoes and basil
530,Стейк из свинины с яблочным соусом,Pork steak with apple sauce
531,Салат из капусты с морковью и яблоком,Cabbage salad with carrots and apples
532,Суп из шпината с крем-фреш,Spinach soup with crème fraîche
533,Пирог с вишней и миндальным кремом,Cherry pie with almond cream
534,Паста с беконом и сливочным соусом,Pasta with bacon and creamy sauce
535,Стейк из говядины с красным вином,Beef steak with red wine sauce
536,Салат из зелёной фасоли с миндалём,Green bean salad with almonds
537,Суп из цуккини с мятой,Zucchini soup with mint
538,Пирог с абрикосами и ванильным соусом,Apricot pie with vanilla sauce
539,Паста с кабачками и пармезаном,Pasta with zucchini and Parmesan
540,Стейк из курицы с горчичным соусом,Chicken steak with mustard sauce
541,Салат из фенхеля с апельсином,Fennel salad with orange
542,Суп из картофеля с лососем,Potato soup with salmon
543,Пирог с персиками и карамельным соусом,Peach pie with caramel sauce
544,Паста с грибами и тимьяном,Pasta with mushrooms and thyme
545,Стейк из индейки с клюквенным соусом,Turkey steak with cranberry sauce
546,Салат из томатов с моцареллой и базиликом,Tomato salad with mozzarella and basil
547,Суп из кукурузы с чили,Corn soup with chili
548,Пирог с черносливом и орехами,Prune pie with nuts
549,Паста с лососем и укропом,Pasta with salmon and dill
550,Стейк из утки с апельсиновым соусом,Duck steak with orange sauce
551,Салат из редиса с огурцом,Radish salad with cucumber
552,Суп из моркови с имбирем,Carrot soup with ginger
553,Пирог с малиной и белым шоколадом,Raspberry pie with white chocolate
554,Паста с ветчиной и грибами,Pasta with ham and mushrooms
555,Стейк из свинины с медовым соусом,Pork steak with honey sauce
556,Салат из шпината с кедровыми орешками,Spinach salad with pine nuts
557,Суп из помидоров с базиликом,Tomato soup with basil
558,Пирог с ежевикой и ванильным мороженым,Blackberry pie with vanilla ice cream
559,Паста с курицей и сливочным соусом,Pasta with chicken and creamy sauce
560,Стейк из лосося с цитрусовым соусом,Salmon steak with citrus sauce
561,Салат из свёклы с грецким орехом,Beetroot salad with walnuts
562,Суп из капусты с картофелем,Cabbage soup with potatoes
563,Пирог с бананами и карамелью,Banana pie with caramel
564,Паста с креветками и лимоном,Pasta with shrimp and lemon
565,Стейк из говядины с грибным соусом,Beef steak with mushroom sauce
566,Салат из авокадо с томатами,Avocado salad with tomatoes
567,Суп из тыквы с мускатным орехом,Pumpkin soup with nutmeg
568,Пирог с клубникой и сливочным кремом,Strawberry pie with whipped cream
569,Паста с тунцом и оливками,Pasta with tuna and olives
570,Стейк из баранины с мятным соусом,Lamb steak with mint sauce
571,Салат из моркови с изюмом,Carrot salad with raisins
572,Суп из чечевицы с морковью,Lentil soup with carrots
573,Пирог с яблоками и орехами,Apple pie with nuts
574,Паста с беконом и томатами,Pasta with bacon and tomatoes
575,Стейк из свинины с яблочным пюре,Pork steak with apple purée
576,Салат из огурцов с йогуртом и мятой,Cucumber salad with yogurt and mint
577,Суп из гороха с копчёной колбасой,Pea soup with smoked sausage
578,Пирог с грушей и ванильным соусом,Pear pie with vanilla sauce
579,Паста с шампиньонами и сливочным соусом,Pasta with champignons and creamy sauce
580,Стейк из курицы с чесночным соусом,Chicken steak with garlic sauce
581,Салат из фенхеля с апельсином и оливками,Fennel salad with orange and olives
582,Суп из картофеля с грибами,Potato soup with mushrooms
583,Пирог с персиками и карамелью,Peach pie with caramel
584,Паста с кабачками и кедровыми орешками,Pasta with zucchini and pine nuts
585,Стейк из индейки с клюквенным соусом,Turkey steak with cranberry sauce
586,Салат из томатов с моцареллой и базиликом,Tomato salad with mozzarella and basil
587,Суп из кукурузы с чили и лаймом,Corn soup with chili and lime
588,Пирог с черносливом и миндалём,Prune pie with almonds
589,Паста с лососем и укропом,Pasta with salmon and dill
590,Стейк из утки с апельсиновым соусом,Duck steak with orange sauce
591,Салат из редиса с огурцом и йогуртом,Radish salad with cucumber and yogurt
592,Суп из моркови с имбирем и апельсином,Carrot soup with ginger and orange
593,Пирог с малиной и белым шоколадом,Raspberry pie with white chocolate
594,Паста с ветчиной и грибами в сливочном соусе,Pasta with ham and mushrooms in creamy sauce
595,"Брускетта с рикоттой, кремом авокадо и зеленым салатом с семечками"," Bruschetta with ricotta cheese, avocado cream, lettuce and sunflower seeds"
596,"Салат Панцанелла со страчателлой, маслинами и сырными сухариками с тунцом в собственном соку"," Panzanella salad with stracciatella di bufal, olives, cheese croutons and tuna in its own juice"
597,"Зеленый салат с киви, кабачком, огурцом и зеленым горошком с листьями шпината в заправке цитронет"," Green salad with kiwi, eggplant, cucumber, pees, spinach and citronette dressing"
598,Крудо из свежих лосося и дорадо с томатной сальсой и каперсами," Salmon and dorado crudo, tomato salsa and capers"
599,Орекьетте в фисташковом креме с тигровыми креветками и жареными фисташками," Orecchiette pasta, pistachio crème-sauce, tiger prawns and fried pistachio nuts"
600,Медзи со снежным крабом в соусе неаполетана с домашней страчателлой," Mezzi pasta, snow crab, neapolitan sauce and home-made stracciatella di bufala "
601,Грудка цыпленка с птитимом и трюфельным муссом пармезан, Chicken breast with ptitim and truffle Parmesan mousse
602,"Пицца Тунна Кон Чиполла с тунцом, красным луком, маслинами и моцареллой"," Tonno e cipolla pizza with tuna, red onion, olives and mozzarella"
603,"Пицца Перра Пеканте с голубым сыром дор блю, грушой, рукколой и лепестками арахиса"," Pera picante pizza with dorblu cheese, pear, rucola, peanut flakes"
604,Лимонный пирог с кремом маскарпоне и базиликовым мороженым," Lemon pie with mascarpone cream, basil ice cream"
605,Строганина,Stroganina
606,Нельма ,Nelma
607,Нерка ,Sockeye salmon
608,Оленина ,Venison
609,Северные рыбы,Northern fish 
610,Чир,Broad whitefish
611,Кижуч ,Atlantic salmon
612,Нерка  ,Sockeye salmon
613,Тугун  ,Tugun
614,Устрицы,Oysters
615,"Устрицы подаются на льду, с домашним смородиновым уксусом, соусом понзу и лимоном","Oyster served on ice with homemade currant vinegar, ponzu sauce and lemon"
616,Икра,Caviar
617,Осетр ,Sturgeon
618,Кижуч  ,Atlantic salmon
619,Хариус,Grayling
620,Сыровяленое,Dry-aged delicatessen
621,Коппа из яка  ,Yak сoppa
622,Сыровяленый марал,Siberian stag
623,Сыровяленый лось,Elk
624,Закуски,Appetizers
625,"Севиче из нерки с компрессионным огурцом в зеленом соусе на перцах, халапеньо и ряженке с ферментированным крыжовником
 ","Sockeye salmon ceviche with compressed cucumber in green sauce with peppers, jalapenos and  fermented gooseberries"
626,Тартар из хакасской говядины с дегидрированным тувинским яком в картофельной канеле с соусом из печеного перца,Khakass beef tartare with dehydrated Tuvan yak in potato canela with roasted pepper sauce
627,Тартар из корейки косули с тоннато на тугуне на стеклянном хлебе с юколой лося/корзинка с дикой стерлядью и сырным муссом с икрой из зеленого горошка с копченым желтком/ пате из марала в ежевичной глазури ,Roe deer loin tartare with tugun tonatto and elk yukola on glass bread / wild sterlet and cheese mousse tartlet with green pea caviar and smoked yolk / blackberry-glazed siberian stag pâté 
628,Хрустящие камни с сырным кремом на копченом хариусе и юкколой нерки с икрой хариуса ,"Crispy rocks with smoked grayling-cheese cream, nelma yukola and grayling caviar"
629,Туруханский муксун в остром свекольном креме с маринованными черри и кинзой ,Turukhansk muksun in spicy beetroot cream with pickled cherry tomatoes and cilantro
630,Тартар из оленя на профитролях из тувинского далгана с икрой хариуса ,Deer tartare in Tuva dalgan profiteroles with grayling caviar
631,Бочковые рыжики со сметанным муссом на хрене и огурцами в укропном масле с маринованным луком ,Forest mushrooms with horseradish sour cream mousse and cucumbers in dill oil with pickled onions
632,"Разные сыры с абанским мёдом, ягодным мармеладом и грецким орехом","Various cheeses with blueberries, local honey, berry marmalade and walnut"
633,"Брускетта с печеным баклажаном, страчателлой и грецким орехом ","Bruschetta with baked eggplant, stracciatella and walnut"
634,Брускетта с камчатским крабом и копченым хариусом ,Bruschetta with red king crab and smoked grayling
635,Салаты,Salads
636,"Цыплёнок гриль с хрустящими баклажанами и киноа с маринованными томатами и кинзой в соусе чили терияки
",Grilled chicken with crispy eggplant and quinoa with marinated tomatoes and cilantro in teriyaki chili sauce
637,"Зеленый салат с арбузной редькой и броколи, авокадо, цукини, и разными листьями в медовом винегрете ","Green salad with watermelon radish, broccoli, avocado, zucchini and leaves served with honey vinaigrette"
638,"Стейк-салат с мраморной говядиной  Black Angus с молодым картофелем, битыми огурцами, печеными перцами и разными листьями в горчичном дипе ","Marbled Black Angus beef with baby potatoes, smashed cucumbers, roasted peppers and assorted leaves in a mustard dip"
639,"Тигровые креветками с  домашней страчателлой, горошком и листьями ромейна с огуречным кетчупом ","Tiger prawns with homemade stracciatella, peas and romaine lettuce served with cucumber ketchup"
640,"Чафан на морковном хумусе с телятиной, вешенками и хрустящим картофелем ","Chafan salad with veal, oyster mushrooms and crispy potatoes on carrot hummus "
641,"Черный оливье с камчатским крабом, малосольным лососем и икрой кижуча ","Black Russian salad with red king crab, lightly salted salmon and silver salmon caviar"
642,Супы,Soups
643,"Крем из запеченой в печи тыквы и моркови с имбирем, тигровыми креветками гриль и попкорном из гречки ","Oven baked pumpkin and carrot cream with ginger, grilled tiger prawns and buckwheat popcorn"
644,Уха из северных рыб с с молоками лосося и томатом ,Traditional russian fish soup uha with salmon milt and tomato
645,"Борщ с копченым гусем, фермерским копченым салом и сметаной","Borscht with smoked duck, traditionally smoked lard, served with sour cream"
646,Пельмени ,Dumplings 
647,Черные буузы лотос с острой хакасской бараниной в пряном соусе из трав и ткемали с холодным бульоном кукси ,"Black lotus-shaped buuz with spicy Khakass lamb, spicy herb-tkemali sauce and cold kuksu broth"
648,"Пельмени с дичью в крепком бульоне
из белых грибов",Wild meat dumplings in strong porcini mushrooms broth
649,Пельмени из северных рыб в копченом рыбном бульоне с икрой лосося ,Northern fish dumplings in smoked fish broth with salmon caviar
650,Тувинские чебуреки хуужуры с оленем и бараньим салом в соусе на куруте  ,Tuvan reindeer meat and mutton fat khuushuur with kashk dipping sauce
651,Пельмени с камчатским крабом и тигровыми креветками в трюфельном голландезе на апельсине ,Dumplings with king crab and tiger prawns in truffle orange hollandaise
652,Не пельмени,Main course
653,Фаланга камчатского краба с пюре из печеного яблока и брусники с муссом васаби ,"King crab phalanges, baked apple and lingonberry purée served with wasabi mousse"
654,"Камчатская нерка в хрустящем кляре с вуалью из креветок и острым соусом из шампанского, водорослями и цветной капустой
","Kamchatka sockeye salmon in crispy batter with a veil of shrimp and spicy champagne sauce, seaweed and cauliflower"
655,Домашняя лапша с магаданскими креветками и белыми грибами в креветочном биске с вяленым желтком  ,"Homemade noodles, Magadan shrimps and porcini mushrooms in shrimp bisque with dried yolk"
656,Котлета из дикого кабана со сморчками и белыми грибами с чесночным пюре и бараньим жу ,Wild boar cutlet with morels and porcini mushrooms served with garlic purée and lamb jus
657,Енисейский сиг в релише из белых грибов и мидий с трюфельной перловкой ,Yenisei whitefish served with mushroom relish and mussels with truffle pearl barley
658,Таймырский палтус в сырной биске из раков с картофельным кремом и молодыми листьями ,"Taimyr halibut garnished with crayfish cheese bisque, potato purée and baby leaves"
659,Жареный сахалинский гребешок с фуагра и тертой юколой оленя ,Fried Sakhalin scallop with foie gras and finely grated deer yukola
660,Гриль,Grill
661,"Каре хакасского ягненка с молодым картофелем, сморчками и соусом из таежной черемши ","Khakass lamb rack, baby potatoes, morels and Taiga wild garlic sauce"
662,"Камчатская нерка в грибной глазури с цукини
и шпинатом и соусом из сморчков","Kamchatka sockeye salmon in mushroom glaze with zucchini and spinach, garnished with morel sauce"
663,"Таймырский олень с глазированнной свеклой, айоли из черемши и чёрного чеснока с порто, костным мозгом и маринованной черешней
","Taimyr deer with glazed beets, wild garlic and black garlic aioli with port, bone marrow and pickled cherries"
664,Мурманская форель с муссом из копченого лосося и картофелем из печи и огуречным соусом  ,Murmansk trout with smoked salmon mousse and oven-baked potatoes with cucumber sauce
665,Креветки на гриле с пюре манго и песто из петрушки ,Grilled shrimp with mango purée and parsley pesto
666,Стейк Портерхаус Black Angus на компанию  ,Black Angus porterhouse steak for a group
667,Стейк стриплойн Black angus с квашеной капустой и брусникой  ,Black Angus striploin steak with sauerkraut and cranberries
668,Стейк рибай  Black Angus с квашеной капустой и брусникой,Black Angus ribeye steak with sauerkraut and cranberries
669,Стейк Денвер  Black Angus с квашеной капустой и брусникой ,Black Angus denver steak with sauerkraut and cranberries
670,Из дровяной печи,Out of wood stove
671,"Фермерская перепелка, фаршированная картофелем и белыми грибами с кедровым орехом, ванильным пюре из сельдерея и маринованной рябиной ","Farm quail stuffed with potatoes, porcini mushrooms and pine nuts, served with vanilla-celery purée and pickled rowanberries"
672,Енисейский ленок с печеной капустой в соусе из шампанского с икрой хариуса,"Yenisei asiatic trout with baked cabbage, champagne sauce and grayling caviar"
673,"Цыплёнок в глазури из трюфельного мёда
с кукурузным муссом и припущенным
шпинатом с кедровым орехом ",Chicken in truffle honey glaze with corn mousse and poached spinach served with pine nuts
674,"Утиная ножка конфи с муссом из подкопчённого топинамбура и чипсами из сезонных корнеплодов
",Duck leg confit with smoked Jerusalem artichoke mousse and seasonal root vegetable chips
675,Овощи,Vegetables
676,Королевские шампиньоны гриль с песто из петрушки на кедровом орехе ,Grilled white mushrooms with parsley pesto sprinkled with pine nuts
677,Авокадо гриль со сметаной и кунжутным релишем ,Grilled avocado with sour cream and sesame relish
678,"Баклажан из печи с терияки, ореховым соусом и страчателлой ",Wood stove baked eggplant garnished with teriyaki and nut sauce with stracciatella
679,Цукини гриль с песто из петрушки на кедровом орехе ,Grilled zucchini with homemade pine tree parsley pesto sauce
680,"Фермерская морковь запечённая по-перуански с кремом из кешью и морковным соусом
",Farmer's carrots baked Peruvian style with cashew cream and carrot sauce
681,Картофель из печи с копчёным сливочным маслом и сметаной ,Baked potatoes with smoked butter and sour cream
682,Брокколи с сырным соусом и черри ,Broccoli with cheese sauce and cherry tomatoes
683,Сладкое,Desserts
684,"Береза-Береза  - березовое мороженое, березовое суфле, березовый гель, березовые чипсы ","Birch dessert of birch ice cream with birch soufflé, birch gel and birch chips"
685,"Шоколадный фондан с мороженым из грецкого ореха, черной смородиной компотэ и горячим ванильным соусом","Chocolate fondant with walnut ice cream, blackcurrant compôte and hot vanilla sauce"
686,"Бордовая Павлова с сорбетом из жимолости и маринованной черешней
",Burgundy Pavlova with honeysuckle sorbet and pickled cherries
687,"Золотая Баба с облепиховым ганешем и таймырской морошкой, брусникой и сусальным золотом","Golden Baba au rhum with sea buckthorn ganache,  Taimyr cloudberries and cranberries wuth golden leaf"
688,Тирамису с кремом на белых грибах и шоколадным бисквитом ,Tiramisu with porcini mushroom cream and chocolate biscuit
689,"Домашний чизкейк с карамелью, черешней, пломбирным кремом и лесными орехами ","Homemade cheesecake with caramel, cherry, ice cream mousse and nuts"
690,Черёмуховый медовик со сметанным кремом на черном кофе ,Bird cherry honey cake with black coffee buttercream and blueberry
691,"Сет конфет ручной работы ""Вкусы Енисейской Сибири"" клюква-биттер, боровики-белый шоколад, пихта-кедровый орех, вяленый марал-темный шоколад","Set of handmade sweets ""Tastes of the Yenisei Siberia"" bitter cranberry / mushrooms-white chocolate / fir-pine nuts / ""Jerked siberian stag"" dark chocolate"
692,К чаю,Tea accompaniment
693,Таежная брусника с абанским медом  и кедровым орехом ,Taiga cranberries with Aban honey and pine nuts
694,Конфета из темного шоколада с вяленой клюквой и кедровым орехом  ,Dark chocolate sweets with dried cranberries and pine nuts
695,Напитки,Beverages
696,Морс ягодный ,Homemade fruit punch
697,Кока-кола,Coca-Cola
698,Тоник,Tonic
699,Вода,Water
700,Сан Бенедетто,San Benedetto still
701,Сан Бенедетто газ,San Benedetto carbonated
702,"Минеральная вода ""Baikal Reserve""  газ",Baikal Reserve carbonated
703,"Природная вода ""Baikal Pearl""  б/г",Baikal Reserve still
704,Сок,Juice
705,Сок на выбор,Bottled juice
706,Фреш морковный,Carrot fresh juice
707,Фреш апельсиновый,Orange fresh juice
708,Фреш яблочный,Apple fresh juice
709,Лимонады,Lemonades
710,Грушево - яблочный с мятой,Pear –apple with mint
711,Мандарин-роза,Tangerine-rose
712,Манго - маракуйя,Mango-passionfruit
713,Фиалковый,Violet
714,Чай авторский и травяные сборы,Homemade herb tea
715,Душа тайги ,Soul of Taiga
716,Цветы Хакасии,Khakassia flower
717,Пряная облепиха ,Spicy sea-​​buckthorn berry
718,Сибирская ботаника,Botanica Siberica
719,Чай Брусничник,Lingonberry
720,Чай Лесной дар,Forest gift
721,Чай классический и китайский,Classic and chinese tea
722,Ассам ,Assam black tea
723,Эрл Грей,Earl Grey black tea
724,Зеленый классический,Green tea
725,Жасмин,Jasmine green tea
726,Молочный улун,Milk oolong
727,Да Хуан Пао,Dàhóngpáo Chinese oolong tea
728,Тегуань Инь,Tiě Guān Yīn oolong tea
729,Шу Пуэр,Shú pǔ ěr
730,Кофе,Coffee
731,Эспрессо,Espresso
732,Американо,Americano
733,Капучино ,Cappuccino
734,Двойной Капучино ,Double Cappuccino
735,Капучино кокосовый ,Coconut Cappuccino
736,Латте,Latte
737,Таежный раф,Taiga raf
738,Какао,Hot chocolate
739,Какао ореховое,Nut Hot Cocoa
740,Какао с маршмеллоу,Hot Cocoa With Marshmallows
741,"подаётся на замороженном камне с четверговой солью и молотым перцем, соусом понзу и авторским дипом","served on a frozen stone with black salt and ground pepper, ponzu sauce and special dip"
742,подаются малосольными с нашим полбяным хлебом из печи и взбитым маслом,served lightly salted with stove-baked spelled bread and whipped butter
743,подаётся с гречишными оладьями и взбитым маслом,served with buckwheat fritters and whipped butter
744,"подаются на льду с домашним смородиновым уксусом, понзу и лимоном","served on ice with homemade currant
vinegar, ponzu sauce and lemon"
745,наши специалитеты из камеры Dry Age,our specialties from the Dry-aging chamber
746,"Если у вас есть аллергия на определённые продукты, пожалуйста, сообщите об этом своему официанту.","If you are allergic certain foods, please let your waiter know."
747,наличие и сорт устриц уточняйте у официанта, Please check the availability and types of oysters with the waiter
748,Команда ресторана Tunguska во главе с бренд-шефом Николаем Бобровым представляет сет «Легенды города К.»,"The team of Tunguska restaurant, led by brand-chef Nikolai Bobrov, presents the set ""Legends of the town of K."""
749,"Он посвящен городским легендам и мистическим явлениям, знаковым местам и известным персонам, а также историческим событиям, связанным с великим городом на Енисее.","It is dedicated to urban legends, mystical phenomena, iconic places and famous people, as well as historical events related to the great city on the Yenisei river."
750,"Каждый курс, всего их восемь — это отдельная история, которая будет рассказана устным и гастрономическими языками, но не каждая из них случилась на самом деле.",Each of eight courses is a separate story that is told in both gastronomic and human languages. But not every story actually happened.
751,"Многие истории за время своего существования обросли новыми подробностями и фактами, а некоторые исказились до неузнаваемости.","Many of these stories gathered new details and facts during their lives, and some have been distorted beyond recognition."
752,"И гостям предстоит решить — какие из историй являются правдой, а какие вымыслом.",And the guests will have to decide which of the stories are true and which are fiction.
753,Существовала ли красноярская девочка-фантом?,Was there a Krasnoyarsk phantom girl?
754,Являются ли красноярцы потомками индейцев и что ел цесаревич Николай во время своего визита в Сибирь?,Are people of Krasnoyarsk descendants of Indians and what did tsarevich Nikolai eat during his visit to Siberia?
755,Что такое «Ватный завтрак» и какие излишества мог позволить себе городской магнат во времена сибирской золотой лихорадки?,"What is a ""cotton wool breakfast"" and what luxury could a tycoon afford during the Siberian gold rush?"
756,Истина или ложь — решать вам.,True or false — it's up to you to decide.
757,"Этот сет — результат полугодовой работы не только команды ресторана, но и привлеченных специалистов.","This set is the result of six months of work not only of the restaurant team, but also of the specialists that were involved."
758,"Мы сотрудничали с мастерами по керамике и дереву, обращались к декораторам, а также консультировались с городскимиисториками и культурологами.","We collaborated with craftsmen specialised in ceramic and wood, contacted decorators, and consulted with urban historians and cultural scientists."
759,"Помимо этого, в создании подарка для гостей поучаствовалошесть представителей современного искусства Красноярска.","In addition, six contemporary artist of Krasnoyarsk participated in the creation of a gift for our guests."
760,Стоимость сета – 5000 рублей.,The cost of the set is 5000 rubles.
761,Винный пэйринг от бренд-сомелье Екатерины Бобровой – 4000.,Wine pairing by brand-sommelier Ekaterina Bobrova – 4000.
762,Безалкогольный пэйринг от шеф-бармена Дмитрия Трушина - 3000.,Non-alcoholic pairing by chef-bartender Dmitry Trushin - 3000.
763,Сет доступен к заказу у администратора за сутки с воскресенья по четверг.,"The set is available by pre-order at the manager 24 hours before the visit, from Sunday to Thursday."
764,Забронироватьс ет: 269-93-88,Book a set: 269-93-88
765,"Печеные перцы с ореховым кранчем, домашней страчателлой и тонатто на тугуне ",Roasted peppers with crunchy walnut served with homemade stracciatella and tugun tonnato
766,Нерка в лимонном кимчи с сезонной хурмой и листьями кинзы ,"Sockeye salmon served with lemon kimchi, seasonal persimmon and cilantro leaves"
767,Енисейская нельма с черной икрой из боровиков в соусе на хрене с икрой хариуса,Yenisei nelma with black mushroom spread caviar served with horseradish sauce and grayling caviar
768,Ростбиф из говядины с печеными перцами и трюфельным тонатто на тугуне,Roast beef garnished with roasted peppers and truffle tugun tonatto 
769,"Свекольные равиоли с копченым сыром, кедровым урбечем, малиновым соусом и икрой нерки ",Beetroot ravioli with smoked cheese and cedar nut butter served with raspberry sauce and sockeye caviar
770,"Зеленый салат с арбузной редькой и брокколи, авокадо, цукини и разными листьями в медовом винегрете","Green salad with watermelon radish, broccoli, avocado, zucchini and leaves served with honey vinaigrette"
771,"Стейк-салат с мраморной говядиной Black Angus с молодым картофелем, битыми огурцами, печеными перцами и разными листьями в горчичном дипе ","Marbled Black Angus beef with baby potatoes, smashed cucumbers, roasted peppers and assorted leaves in a mustard dip"
772,"Хурма с авокадо и грецким орехом, черри, семечками подсолнуха и соусом из тофу с медом ","Persimmon with avocado, walnuts, cherry tomatoes and sunflower seeds served with honey-tofu sauce"
773,"Пельмени кундюмы с боровиками и картофелем, взбитой сметаной и демигласом на лесных грибах ",Kundyuma potato-mushroom dumplings served with whipped sour cream and demi-glace forest mushrooms
774,Тувинские чебуреки хуужуры с оленем и бараньим салом в соусе на куруте,Tuvan reindeer meat and mutton fat khuushuur under kashk sauce
775,Вырезка оленя гриль с трюфельным жу и кашей из цветной капусты с ряженкой ,Grilled reindeer tenderloin with truffle jus sauce garnished with cauliflower porridge with fermented baked milk 
776,"Корейка косули малой прожарки с грибным демигласом, брокколи и картофельными пельменями ",Low-rare roe deer loin with mushroom demi-glace served with broccoli-potato dumplings
777,Пожарская котлета из перепелки с муссом строганов и ферментированной морковкой,Pozharsky quail cutlet with stroganoff mousse garnished with fermented carrots
778,Язык таймырского оленя с кремом из копченой тыквы и соусом жу ,Taimyr reindeer tongue served with smoked pumpkin cream and jus sauce
779,"Александр Кучеров, 0.75 please, Красноярск","Alexander Kucherov, 0.75 please, Krasnoyarsk"
780,Краб / мокрец / эстрагон,Crab / chickweed / tarragon
781,Топинамбур / икра северных рыб / подсолнечник ,Jerusalem artichoke / northern fish caviar/ sunflower
782,Икра енисейской стерляди/ лангустин / бархатцы,Yenisei sterlet caviar / langoustine / marigold flowers
783,"Михаил Михайлов, Булгаков, Дзе, Красноярск","Mikhail Mikhailov, Bulgakov, Dze, Krasnoyarsk"
784,Олень / лисички / джем из нектаринов / пекорино романо ,Venison / chanterelles / nectarine jam / pecorino romano
785,"Максим Любимов, LEO WINE&KITCHEN, Начало, Ростов-на-Дону","Maxim Lyubimov, LEO WINE&KITCHEN, Nachalo, Rostov-on-Don"
786,Капуста / мидии / крыжовник / сурепка,Cabbage / mussels / gooseberries / yellow rocket flowers
787,"Дмитрий Гарифулин, TWENTY TWO, Горячий цех, Новосибирск","Dmitry Garifulin, TWENTY TWO, Goryachiy cekh, Novosibirsk"
788,Олень / брискет / кедровый орех / виноградный лист / консоме из сахарной косточки / подкопченная сметана / щучья икра,Venison / brisket / pine nuts / grape leaf / bone consommé / smoked sour cream / pike caviar
789,"Антон Исаков, LA BIGA, Санкт-Петербург","Anton Isakov, LA BIGA, St. Petersburg"
790,Чир / копчёное молоко / корнеплоды ,Broad whitefish /smoked milk / root vegetables
791,"Николай Бобров, Tunguska, Красноярск","Nikolay Bobrov, Tunguska, Krasnoyarsk"
792,Марал /  глазированная свекла /  айоли из черемши и черного чеснока / порто / костный мозг / икра стерляди ,Siberian stag / glazed beetroot / wild and black garlic aioli / port wine sauce / bone marrow / sterlet caviar
793,"Роман Чемеренко, Bellini, Красноярск","Roman Chemerenko, Bellini, Krasnoyarsk"
794,Чизкейк камамбер / икра енисейской стерляди / мороженое из смородинового листа,Camembert cheesecake / Yenisei sterlet caviar / currant leaf ice cream
795,Сет доступен к заказу у администратора за сутки с воскресенья по четверг.,"The set is available by pre-order at the manager 24 hours before the visit, from Sunday to Thursday."
796,Забронировать сет: 269-93-88,Book a set: 269-93-88
797,"Сезонная редиска со взбитым творогом, черемшой, огурцом, вялеными домашними томатами и щавелем","Seasonal radish with whipped cottage cheese, wild garlic, cucumber, dried tomatoes and sorrel"
798,"Рожки с тартаром из говядины с вяленой клюквой, кедровым орехом и айоли с чёрным чесноком","Cones with beef steak tartare, sprinkled with dried cranberries, pine nuts and black garlic aioli"
799,"Тартар из оленины и нерки с сезонной черемшой, кололе из икры омуля, айоли тархун и огурцом в тыквенном масле","Venison and sockeye salmon steak tartare served with seasonal wild garlic, dried omul caviar, tarragon aioli and cucumber with pumpkin oil"
800,"Бургер с фалангой краба, релишем из вяленой клюквы, криспи беконом, ложным чеддером, сезонной крапивой и муссом хрен-васаби","Crab phalanges burger with dried cranberry relish, crispy bacon, alternative cheddar cheese, seasonal nettle leaves and horseradish-wasabi mousse"
801,"Окрошка с цыплёнком, заправкой на квасе и сорбетом из огурца, хрена и мяты","Okroshka cold soup with kvass and chicken served with sorbet of cucumber, horseradish and mint"
802,Зелёные щи на крапиве и щавеле с цыплёнком гриль,"Green shchi cabbage soup with grilled chicken, nettle and sorrel leaves"
803,Пельмени со сморчками и сезонной крапивой,Dumplings with morels and seasonal nettle leaves
804,"Каре хакасского ягненка с полбой, эспумой из кабана и соусом порто с сезонной черешней","Khakass lamb rack garnished with spelt, wild boar foam and port wine sauce with seasonal wild cherries"
805,Берёзовая панна-котта с сорбетом из зелёных яблок и молодыми еловыми побегами,Birch panna cotta with green apple sorbet and fresh fir shoots
806,дегустационный сет,Tasting set
807,РИТУАЛЫ,The rituals
808,Чолуукшур. Ритуал приветствия,Choluukshur. The greeting ritual.
809,"Кедровый сыр, чипсы из молочной пены, трюфельный жу, икра из выдержанного сыра","Cedar nut cheese, milk foam chips, truffle jus and aged cheese caviar"
810,Оваа. Ритуал благодарности духам,Ovva. The spirits gratitude ritual.
811,"Хрустящий камень, косуля, брусника, чёрный чеснок, бархатцы","Crispy rock of roe deer, cranberries, black garlic and marigold flowers"
812,Шаманский гриб. Ритуал-противоядие,Shaman mushroom. The antivenom ritual.
813,"Суп-капучино на суттуг шай, сендвич из мухомора",Suttug shai tea cappuccino-soup and fly agaric sandwich
814,Сороки. Ритуал заклинания весны,Magpies. The spring summoning ritual.
815,"Птичка-пирог, перепёлка, фуагра, вяленный як, ряженка с хреном","Bird-shaped pie with quail, foie gras, dried yak meat and horseradish ryazhenka  "
816,Имты. Ритуал кормления огня,Imty. The fire feeding ritual.
817,"Блэк ангус, взбитый жир с мисо, соус из крови марала","Black angus, whipped fat with miso, served with deer blood sauce"
818,Хой. Ритуал благословения предков,Hoy. The ancestral blessing ritual.
819,"Голова барана – щёки, язык, зобная железа, крем из печёного перца и кукурузы","Sheep cheek, tongue, sweetbread, roasted pepper and corn cream served in a sheep skull"
820,Калинник. Ритуал сеяния,Kalinnik. The sowing ritual.
821,"Калиновый кисель, вода смородина-красный апельсин, сырный крем","Guelder rose jelly, currant and red orange water, cheese cream"
822,Обереги. Финальный ритуал инициации,Amulets. The final initiation ritual.
823,"Березовая меренга, гель из березового сока, крем базилик","Birch meringue, birch sap gel and basil cream"
824,Матрешка-шаман с тремя тотемными животными,"Shaman and totem animals Russian dolls hand-painted by an artist of Evenk ""Haivalam Brand"""
825,Конфеты ручной работы «Вкусы Енисейской Сибири» ,"Handmade sweets ""Flavours of the Yenisey Siberia"""
826,8 шт. Пихта-кедровый орех / вяленый марал-тёмный шоколад,8 pcs set. Fir and pine nuts/Dried elk meat with dark chocolate
827,Коппа тувинского яка,Tuvan yak coppa
828,Авторские травяные сборы ,Original herbal collection
829,"На выбор: «Цветы востока», «Душа тайги», «Сказочный лес»","Sets: Flowers of the East"", ""Spirit of Taiga"", ""Fairytail forest"""
830,Настойка в подарочном тубусе ,Alcoholic tincture in a gift tube
831,Облепиховка/сибирская ирга на таволге/джин на чёрной смородине и пихте/водка на печёных яблоках/кедровка на морошке и листьях смородины/джин на малине/черноплодка/хреновуха,"Sea buckthorn / Siberian amelanchier and meadowsweet / gin of blackcurrant and fir / baked apples  vodka / pine nut, cloudberries and currant leaves / gin of raspberries / chokeberry / horseradish"
832,"В ресторане можно приобрести подарочные сертификаты номиналами 2000, 3000, 5000 и 10000 рублей. Каждый сертификат вручную запечатывается сургучной печатью с петроглифом, а сертификаты номиналами от 5000 тысяч упаковываются в фирменные чёрные хлопковые мешки.","The restaurant provides gift certificates of 2000, 3000, 5000 and 10000 rubles. Each certificate is hand-sealed with a petroglyph stamp. Certificates of 5,000 or above are packaged in branded cotton black bags."
833,Нельма,Nelma
834,Чир ,Broad whitefish
835,Тугун,Tugun
836,Устрица ,Oyster 
837,Хариус ,Grayling
838,Марал,Siberian stag
839,Лось,Elk
840,Тартар из хакасской говядины с дегидрированным тувинским яком в картофельной канеле с соусом из печёного перца,Khakass beef tartare with dehydrated Tuvan yak in potato canela with roasted pepper sauce
841,Тартар из корейки косули с тоннато на тугуне на стеклянном хлебе с юколой лося / корзинка с дикой стерлядью и сырным муссом с икрой из зелёного горошка с копчёным желтком / пате из марала в ежевичной глазури,Khakass beef tartare with dehydrated Tuvan yak in potato canela with roasted pepper sauce
842,Сугудай из нельмы с маринованным яблоком и пряным лимонным маслом в канеле из родниковой воды,Nelma sugudai with pickled apples and spicy lemon oil in a spring water canelé
843,"Сет бонбонов «Овощной салат»
малосольный огурец  / сметана-чеснок / маринованные томаты","Set of bon-bons ""Vegetable salad""   salted cucumber / sour cream-garlic / pickled tomatoes"
844,Хрустящие камни с сырным кремом на копчёном хариусе и юколой нерки с икрой хариуса,"Crispy rocks with smoked grayling-cheese cream, nelma yukola and grayling caviar"
845,"Лепёшка из печи с ростбифом, соусом тоннато на тугуне и маринованным огурцом","Oven-baked flatbread with roast beef, tugun tonnato and pickled cucumbers"
846,Туруханский муксун в остром свекольном креме с маринованными черри и кинзой,Turukhansk muksun in spicy beetroot cream with pickled cherry tomatoes and cilantro
847,Тартар из оленя на профитролях из тувинского далгана с икрой хариуса,Deer tartare in Tuva dalgan profiteroles with grayling caviar
848,Бочковые рыжики со сметанным муссом на хрене и огурцами в укропном масле с маринованным луком,Forest mushrooms with horseradish sour cream mousse and cucumbers in dill oil with pickled onions
849,"Разные сыры с абанским мёдом, ягодным мармеладом и грецким орехом","Various cheeses with blueberries, local honey, berry marmalade and walnut"
850,"Брускетта с печёным баклажаном, страчателлой и грецким орехом","Bruschetta with baked eggplant, stracciatella and walnut"
851,Брускетта с камчатским крабом и копчёным хариусом,Bruschetta with red king crab and smoked grayling
852,"Зелёный салат с арбузной редькой и брокколи, авокадо, цукини и разными листьями
в медовом винегрете","Green salad with watermelon radish, broccoli, avocado, zucchini and leaves served with honey vinaigrette"
853,"Стейк-салат с мраморной говядиной Black Angus с молодым картофелем, битыми огурцами, печёными перцами и разными листьями
в горчичном дипе","Marbled Black Angus beef with baby potatoes, smashed cucumbers, roasted peppers and assorted leaves in a mustard dip"
854,"Тигровые креветки с домашней страчателлой, горошком и листьями ромейна
с огуречным кетчупом","Tiger prawns with homemade stracciatella, peas and romaine lettuce served with cucumber ketchup"
855,"Чафан на морковном хумусе с телятиной, вешенками и хрустящим картофелем","Chafan salad with veal, oyster mushrooms and crispy potatoes on carrot hummus "
856,"Чёрный оливье с камчатским крабом, малосольным лососем и икрой кижуча","Black Russian salad with red king crab, lightly salted salmon and silver salmon caviar"
857,"Салат с малосольной неркой, угольным картофелем, томатами черри с хреном в горчичном дрессинге ","Salad with salted sockeye salmon, charcoal potatoes, cherry tomatoes and horseradish in mustard dressing"
858,Цыплёнок гриль с хрустящими баклажанами и киноа с маринованными томатами и кинзой в соусе чили терияки,Grilled chicken with crispy eggplant and quinoa with marinated tomatoes and cilantro in teriyaki chili sauce
859,"Крем из запечённых в печи тыквы и моркови с имбирём, тигровыми креветками гриль
и попкорном из гречки","Oven baked pumpkin and carrot cream with ginger, grilled tiger prawns and buckwheat popcorn"
860,Уха из северных рыб с молоками лосося и томатом,Traditional russian fish soup uha with salmon milt and tomato
861,"Борщ с копчёным гусем, фермерским копчёным салом и сметаной","Borscht with smoked goose traditionally smoked lard, served with sour cream"
862,Чёрные буузы лотос с острой хакасской бараниной в пряном соус из трав и ткемали,"Black lotus-shaped buuz with spicy Khakass lamb, spicy herb-tkemali sauce and cold kuksu broth"
863,Пельмени с дичью в крепком бульоне из белых грибов,Wild meat dumplings in strong porcini mushrooms broth
864,Пельмени из северных рыб в копчёном рыбном бульоне с икрой лосося,Northern fish dumplings in smoked fish broth with salmon caviar
865,Тувинские чебуреки хуужуры с оленем и бараньим салом с соусом на курут,Tuvan venison and mutton fat khuushuur with kashk dipping sauce
866,"Пельмени с камчатским крабом
и тигровыми креветками в трюфельном голландезе на апельсине",Dumplings with king crab and tiger prawns in truffle orange hollandaise
867,"Камчатская нерка в хрустящем кляре с вуалью из креветок и острым соусом из шампанского, водорослями и цветной капустой","Kamchatka sockeye salmon in crispy batter with a veil of shrimp and spicy champagne sauce, seaweed and cauliflower"
868,"Домашняя лапша с магаданскими креветками и белыми грибами в креветочном биске
с вяленым желтком","Homemade noodles, Magadan shrimps and porcini mushrooms in shrimp bisque with dried yolk"
869,Котлета из дикого кабана со сморчками и белыми грибами с чесночным пюре и бараньим жу,Wild boar cutlet with morels and porcini mushrooms served with garlic purée and lamb jus
870,Енисейский сиг в релише из белых грибов и мидий с трюфельной перловкой,Yenisei whitefish served with mushroom relish and mussels with truffle pearl barley
871,"Таймырский палтус в сырном биске из раков
с картофельным кремом и молодыми листьями","Taimyr halibut garnished with crayfish cheese bisque, potato purée and baby leaves"
872,Жареный сахалинский гребешок с фуагра и тёртой юколой оленя,Fried Sakhalin scallop with foie gras and finely grated deer yukola
873,"Корейка косули малой прожарки с грибным демигласом, брокколи и картофельными пельменями","Rare roe deer venison loin, with mushroom demi-glace, broccoli and potato dumplings"
874,Стейк Портерхаус Black Angus на компанию,Black Angus porterhouse steak for a company
875,Камчатская нерка в грибной глазури с цукини и шпинатом и соусом из сморчков,"Kamchatka sockeye salmon in mushroom glaze with zucchini and spinach, garnished with morel sauce"
876,"Таймырский олень с глазированной свеклой, айоли из черемши и чёрного чеснока с порто, костным мозгом и маринованной черешней","Taimyr venison with glazed beets, wild garlic and black garlic aioli with port wine, bone marrow and pickled cherries"
877,Мурманская форель с муссом из копчёного лосося и картофелем из печи с огуречным соусом,Murmansk trout with smoked salmon mousse and oven-baked potatoes with cucumber sauce
878,Форель запечённая на лиственной доске с угольным картофелем и трюфельным соусом с каперсами из одуванчика,Trout baked on a leaf with charcoal potatoes and truffle sauce with dandelion capers
879,Креветки на гриле с пюре манго и песто из петрушки,Grilled shrimp with mango purée and parsley pesto
880,Стейк Стриплойн Black Angus с квашеной капустой и брусникой,Black Angus striploin steak with sauerkraut and cranberries
881,Стейк Рибай Black Angus с квашеной капустой и брусникой,Black Angus ribeye steak with sauerkraut and cranberries
882,Стейк Денвер Black Angus с квашеной капустой и брусникой,Black Angus denver steak with sauerkraut and cranberries
883,Говяжье ребро из печи в костном жу и соусе из печёного перца с капустным стейком,"Wood stove-baked beef rib with bone jus, roasted pepper sauce and cabbage steak"
884,"
Фермерская перепёлка, фаршированная картофелем и белыми грибами с кедровым орехом","Farm quail stuffed with potatoes, porcini mushrooms and pine nuts, served with vanilla-celery purée and pickled rowanberries"
885,"Фермерская перепёлка, чинённая креветкой и шпинатом со слоёным курником и трюфельным жу ","Farm quail stuffed with shrimps and spinach, served with puff chicken pie and truffle jus"
886,Енисейский ленок с печеной капустой в соусе из шампанского с икрой,"Yenisei asiatic trout with baked cabbage, champagne sauce and grayling caviar"
887,Цыплёнок в глазури из трюфельного мёда с кукурузным муссом и припущенным шпинатом с кедровым орехом,Chicken in truffle honey glaze with corn mousse and poached spinach served with pine nuts
888,Утиная ножка конфи с муссом из подкопчённого топинамбура и чипсами из сезонных корнеплодов,Duck leg confit with smoked Jerusalem artichoke mousse and seasonal root vegetable chips
889,Королевские шампиньоны гриль с песто из петрушки на кедровом орехе,Grilled white mushrooms with parsley pesto sprinkled with pine nuts
890,Авокадо гриль со сметаной и кунжутным релишем,Grilled avocado with sour cream and sesame relish
891,"Баклажан из печи с терияки, ореховым соусом и страчателлой",Wood stove baked eggplant garnished with teriyaki and nut sauce with stracciatella
892,"Баклажан из печи в ореховом соусе, зелёной глазури и терияки с лесными орехами ",Wood stove-baked glazed eggplant in nut and  teriyaki sauce with hazelnuts
893,Цукини гриль с песто из петрушки на кедровом орехе,Grilled zucchini with homemade pine tree parsley pesto sauce
894,Картофель из печи с копчёным сливочным маслом и сметаной,Baked potatoes with smoked butter and sour cream
895,Брокколи с сырным соусом и черри,Broccoli with cheese sauce and cherry tomatoes
896,"Берёза-Берёза - берёзовое мороженое, берёзовое суфле, берёзовый гель, берёзовые чипсы","Birch dessert of birch ice cream with birch soufflé, birch gel and birch chips"
897,Подснежник с черносливом и грецким орехом с фермерской сметаной и лимонным желе с меренгой и белым шоколадом,"Snowdrop with prunes and walnuts with farm sour cream, lemon jelly with meringue and white chocolate"
898,Бордовая Павлова с сорбетом из жимолости и маринованной черешней,Burgundy Pavlova with honeysuckle sorbet and pickled cherries
899,"Шоколадный фондан с мороженым
из грецкого ореха, чёрной смородиной компотэ и горячим ванильным соусом","Chocolate fondant with walnut ice cream, blackcurrant compôte and hot vanilla sauce"
900,"«Золотая баба» на роме с облепиховым ганашем таймырской морошкой и брусникой
с сусальным золотом Совместно с ювелирным домом «Ремикс»","Golden Baba au rhum with sea buckthorn ganache, Taimyr cloudberries and cranberries wuth golden leaf (in collaboration with jewelry house ""Remix"")"
901,Тирамису с кремом на белых грибах и шоколадным бисквитом,Tiramisu with porcini mushroom cream and chocolate biscuit
902,"Домашний чизкейк с карамелью, голубикой, пломбирным кремом и лесными орехами","Homemade cheesecake with caramel, blueberry, ice cream mousse and nuts"
903,Чёрный медовик с кремом из халвы и кардамона с трюфельным мороженым,"Black honey cake with halva and cardamom cream, served with truffle ice cream"
904,Сет конфет ручной работы «Вкусы Енисейской Сибири»,"Set of handmade sweets ""Tastes of the Yenisei Siberia"" "
905,Конфета из тёмного шоколада с вяленой клюквой и кедровым орехом,Dark chocolate sweets with dried cranberries and pine nuts
906,Таёжная брусника с абанским мёдом и кедровым орехом,Taiga cranberries with Aban honey and pine nuts
